{"v":"5.9.0","fr":60,"ip":0,"op":311,"w":1000,"h":1000,"nm":"20 - Easter Eggs","ddd":0,"assets":[],"layers":[{"ddd":0,"ind":2,"ty":3,"nm":"Out Animation","sr":1,"ks":{"o":{"a":0,"k":0,"ix":11},"r":{"a":1,"k":[{"i":{"x":[0.667],"y":[1]},"o":{"x":[0.167],"y":[0]},"t":0,"s":[0]},{"i":{"x":[0],"y":[1]},"o":{"x":[0.333],"y":[0]},"t":240,"s":[0]},{"i":{"x":[0.667],"y":[1]},"o":{"x":[1],"y":[0]},"t":260,"s":[5]},{"t":300,"s":[-25]}],"ix":10},"p":{"a":0,"k":[500,500,0],"ix":2,"l":2},"a":{"a":0,"k":[50,50,0],"ix":1,"l":2},"s":{"a":1,"k":[{"i":{"x":[0,0,0.667],"y":[1,1,1]},"o":{"x":[0.333,0.333,0.333],"y":[0,0,0]},"t":240,"s":[100,100,100]},{"i":{"x":[0.667,0.667,0.667],"y":[1,1,1]},"o":{"x":[1,1,0.333],"y":[0,0,0]},"t":260,"s":[110,110,100]},{"t":300,"s":[0,0,100]}],"ix":6,"l":2}},"ao":0,"ip":0,"op":600,"st":0,"bm":0},{"ddd":0,"ind":3,"ty":4,"nm":"Layer 2 Outlines","parent":4,"sr":1,"ks":{"o":{"a":0,"k":100,"ix":11},"r":{"a":0,"k":0,"ix":10},"p":{"a":0,"k":[504.848,520.345,0],"ix":2,"l":2},"a":{"a":0,"k":[504.848,520.345,0],"ix":1,"l":2},"s":{"a":1,"k":[{"i":{"x":[0.314,0.314,0.667],"y":[1,1,1]},"o":{"x":[0.637,0.637,0.333],"y":[0,0,0]},"t":20,"s":[0,0,100]},{"i":{"x":[0.345,0.345,0.667],"y":[1,1,1]},"o":{"x":[0.676,0.676,0.333],"y":[0,0,0]},"t":70,"s":[103,103,100]},{"t":90,"s":[100,100,100]}],"ix":6,"l":2}},"ao":0,"shapes":[{"ty":"gr","it":[{"ind":0,"ty":"sh","ix":1,"ks":{"a":0,"k":{"i":[[0,0],[0,0],[0,0],[0,0],[0,0],[0,0],[0,0],[0,0],[0,0],[0,0],[0,0],[0,0]],"o":[[0,0],[0,0],[0,0],[0,0],[0,0],[0,0],[0,0],[0,0],[0,0],[0,0],[0,0],[0,0]],"v":[[44.833,-31.932],[6.085,-31.932],[6.085,-64.964],[-6.077,-64.964],[-6.077,-31.932],[-44.833,-31.932],[-44.833,-19.785],[-6.077,-19.785],[-6.077,64.964],[6.085,64.964],[6.085,-19.785],[44.833,-19.785]],"c":true},"ix":2},"nm":"Path 1","mn":"ADBE Vector Shape - Group","hd":false},{"ty":"fl","c":{"a":0,"k":[1,1,1,1],"ix":4},"o":{"a":0,"k":100,"ix":5},"r":1,"bm":0,"nm":"Fill 1","mn":"ADBE Vector Graphic - Fill","hd":false},{"ty":"tr","p":{"a":0,"k":[504.848,520.345],"ix":2},"a":{"a":0,"k":[0,0],"ix":1},"s":{"a":0,"k":[100,100],"ix":3},"r":{"a":0,"k":0,"ix":6},"o":{"a":0,"k":100,"ix":7},"sk":{"a":0,"k":0,"ix":4},"sa":{"a":0,"k":0,"ix":5},"nm":"Transform"}],"nm":"Group 1","np":2,"cix":2,"bm":0,"ix":1,"mn":"ADBE Vector Group","hd":false}],"ip":0,"op":600,"st":0,"bm":0},{"ddd":0,"ind":4,"ty":4,"nm":"Layer 3 Outlines","parent":5,"sr":1,"ks":{"o":{"a":0,"k":100,"ix":11},"r":{"a":0,"k":0,"ix":10},"p":{"a":0,"k":[503.304,520.349,0],"ix":2,"l":2},"a":{"a":0,"k":[503.304,520.349,0],"ix":1,"l":2},"s":{"a":1,"k":[{"i":{"x":[0.314,0.314,0.667],"y":[1,1,1]},"o":{"x":[0.637,0.637,0.333],"y":[0,0,0]},"t":10,"s":[0,0,100]},{"i":{"x":[0.345,0.345,0.667],"y":[1,1,1]},"o":{"x":[0.676,0.676,0.333],"y":[0,0,0]},"t":60,"s":[103,103,100]},{"t":80,"s":[100,100,100]}],"ix":6,"l":2}},"ao":0,"shapes":[{"ty":"gr","it":[{"ind":0,"ty":"sh","ix":1,"ks":{"a":0,"k":{"i":[[0,-45.736],[37.379,0],[0,45.742],[-37.38,0]],"o":[[0,45.742],[-37.38,0],[0,-45.736],[37.379,0]],"v":[[67.677,-0.003],[0,82.813],[-67.676,-0.003],[0,-82.813]],"c":true},"ix":2},"nm":"Path 1","mn":"ADBE Vector Shape - Group","hd":false},{"ty":"fl","c":{"a":0,"k":[0.933000033509,0.709999952129,0.722000002394,1],"ix":4},"o":{"a":0,"k":100,"ix":5},"r":1,"bm":0,"nm":"Fill 1","mn":"ADBE Vector Graphic - Fill","hd":false},{"ty":"tr","p":{"a":0,"k":[503.304,520.349],"ix":2},"a":{"a":0,"k":[0,0],"ix":1},"s":{"a":0,"k":[100,100],"ix":3},"r":{"a":0,"k":0,"ix":6},"o":{"a":0,"k":100,"ix":7},"sk":{"a":0,"k":0,"ix":4},"sa":{"a":0,"k":0,"ix":5},"nm":"Transform"}],"nm":"Group 1","np":2,"cix":2,"bm":0,"ix":1,"mn":"ADBE Vector Group","hd":false}],"ip":0,"op":600,"st":0,"bm":0},{"ddd":0,"ind":5,"ty":4,"nm":"Layer 4 Outlines","parent":2,"sr":1,"ks":{"o":{"a":0,"k":100,"ix":11},"r":{"a":1,"k":[{"i":{"x":[0.34],"y":[1]},"o":{"x":[0.615],"y":[0]},"t":0,"s":[30]},{"t":50,"s":[0]}],"ix":10},"p":{"a":1,"k":[{"i":{"x":0.34,"y":1},"o":{"x":0.615,"y":0},"t":0,"s":[53.307,396.192,0],"to":[0,-16.667,0],"ti":[0,16.667,0]},{"t":50,"s":[53.307,296.192,0]}],"ix":2,"l":2},"a":{"a":0,"k":[503.307,746.192,0],"ix":1,"l":2},"s":{"a":1,"k":[{"i":{"x":[0.314,0.314,0.667],"y":[1,1,1]},"o":{"x":[0.637,0.637,0.333],"y":[0,0,0]},"t":0,"s":[0,0,100]},{"i":{"x":[0.345,0.345,0.667],"y":[1,1,1]},"o":{"x":[0.676,0.676,0.333],"y":[0,0,0]},"t":50,"s":[103,103,100]},{"t":70,"s":[100,100,100]}],"ix":6,"l":2}},"ao":0,"shapes":[{"ty":"gr","it":[{"ind":0,"ty":"sh","ix":1,"ks":{"a":0,"k":{"i":[[7.464,5.543],[-7.966,-4.807],[0,0],[0,0],[-11.279,5.284],[-11.341,5.221],[0,0],[0,0],[-16.486,-8.287],[0,0],[-9.082,4.182],[-9.169,4.057],[0,0],[0,0],[0,0],[0,0],[0,0],[-11.216,5.439],[-11.31,5.309],[10.789,-6.253],[10.802,-6.208],[0,0],[0,0],[0,0],[0,0],[0,0],[9.069,-4.236],[9.13,-4.112],[0,0],[0,0],[16.314,8.621],[0,0],[11.506,-4.839],[11.538,-4.777],[0,0],[0,0],[0,0]],"o":[[8.043,4.683],[0,0],[0,0],[11.234,-5.432],[11.265,-5.4],[0,0],[0,0],[16.572,8.139],[0,0],[9.06,-4.254],[9.146,-4.127],[0,0],[0,0],[0,0],[0,0],[0,0],[11.171,-5.565],[11.186,-5.534],[-10.677,6.472],[-10.747,6.317],[0,0],[0,0],[0,0],[0,0],[0,0],[-9.051,4.361],[-9.098,4.222],[0,0],[0,0],[-16.376,-8.467],[0,0],[-11.445,4.986],[-11.46,4.923],[0,0],[0,0],[0,0],[-7.526,-5.44]],"v":[[-169.328,-17.107],[-145.339,-2.841],[-121.568,11.698],[-123.757,11.518],[-89.99,-4.64],[-56.081,-20.554],[-54.494,-21.304],[-52.829,-20.476],[-3.326,4.336],[-6.96,4.273],[20.358,-8.251],[47.764,-20.648],[49.788,-21.523],[51.523,-20.374],[78.311,-2.34],[104.983,15.895],[102.105,15.779],[135.583,-0.886],[169.328,-17.107],[137.154,2.051],[104.786,20.719],[103.394,21.523],[101.917,20.608],[74.52,3.474],[47.263,-13.825],[51.031,-13.565],[23.805,-0.817],[-3.491,11.815],[-5.358,12.667],[-7.125,11.747],[-56.261,-13.721],[-52.977,-13.643],[-87.377,1.162],[-121.881,15.669],[-123.092,16.185],[-124.07,15.489],[-146.801,-0.652]],"c":true},"ix":2},"nm":"Path 1","mn":"ADBE Vector Shape - Group","hd":false},{"ty":"fl","c":{"a":0,"k":[0.933000033509,0.709999952129,0.722000002394,1],"ix":4},"o":{"a":0,"k":100,"ix":5},"r":1,"bm":0,"nm":"Fill 1","mn":"ADBE Vector Graphic - Fill","hd":false},{"ty":"tr","p":{"a":0,"k":[504.847,637.231],"ix":2},"a":{"a":0,"k":[0,0],"ix":1},"s":{"a":0,"k":[100,100],"ix":3},"r":{"a":0,"k":0,"ix":6},"o":{"a":0,"k":100,"ix":7},"sk":{"a":0,"k":0,"ix":4},"sa":{"a":0,"k":0,"ix":5},"nm":"Transform"}],"nm":"Group 1","np":2,"cix":2,"bm":0,"ix":1,"mn":"ADBE Vector Group","hd":false},{"ty":"gr","it":[{"ind":0,"ty":"sh","ix":1,"ks":{"a":0,"k":{"i":[[6.058,4.62],[-6.559,-3.869],[-6.472,-4.01],[0,0],[-9.215,4.378],[-9.263,4.33],[0,0],[0,0],[-13.491,-6.778],[0,0],[-7.472,3.408],[-7.503,3.291],[0,0],[0,0],[0,0],[0,0],[0,0],[-9.224,4.384],[-9.311,4.237],[8.795,-5.197],[8.801,-5.158],[0,0],[0,0],[0,0],[0,0],[0,0],[7.434,-3.487],[7.474,-3.345],[0,0],[0,0],[13.36,7.137],[0,0],[9.441,-3.908],[9.465,-3.854],[0,0],[0,0],[6.159,4.44]],"o":[[6.628,3.752],[6.512,3.924],[0,0],[9.152,-4.526],[9.193,-4.448],[0,0],[0,0],[13.569,6.598],[0,0],[7.411,-3.493],[7.465,-3.37],[0,0],[0,0],[0,0],[0,0],[0,0],[9.145,-4.479],[9.153,-4.472],[-8.678,5.417],[-8.754,5.246],[0,0],[0,0],[0,0],[0,0],[0,0],[-7.38,3.563],[-7.441,3.439],[0,0],[0,0],[-13.421,-6.932],[0,0],[-9.365,4.081],[-9.397,4.002],[0,0],[0,0],[-6.215,-4.387],[-6.145,-4.51]],"v":[[-138.605,-13.892],[-118.845,-2.432],[-99.288,9.357],[-101.46,9.169],[-73.892,-4.237],[-46.196,-17.361],[-44.611,-18.081],[-42.914,-17.268],[-2.385,2.977],[-6.012,2.907],[16.382,-7.333],[38.792,-17.448],[40.841,-18.331],[42.568,-17.159],[64.479,-2.338],[86.224,12.685],[83.372,12.545],[110.871,-0.898],[138.605,-13.892],[112.433,2.047],[86.022,17.531],[84.63,18.331],[83.146,17.383],[60.641,3.485],[38.292,-10.63],[42.061,-10.341],[19.791,0.117],[-2.518,10.451],[-4.41,11.287],[-6.153,10.388],[-46.385,-10.538],[-43.094,-10.453],[-71.288,1.57],[-99.608,13.295],[-100.827,13.795],[-101.781,13.125],[-120.283,-0.228]],"c":true},"ix":2},"nm":"Path 1","mn":"ADBE Vector Shape - Group","hd":false},{"ty":"fl","c":{"a":0,"k":[0.933000033509,0.709999952129,0.722000002394,1],"ix":4},"o":{"a":0,"k":100,"ix":5},"r":1,"bm":0,"nm":"Fill 1","mn":"ADBE Vector Graphic - Fill","hd":false},{"ty":"tr","p":{"a":0,"k":[504.844,404.604],"ix":2},"a":{"a":0,"k":[0,0],"ix":1},"s":{"a":0,"k":[100,100],"ix":3},"r":{"a":0,"k":0,"ix":6},"o":{"a":0,"k":100,"ix":7},"sk":{"a":0,"k":0,"ix":4},"sa":{"a":0,"k":0,"ix":5},"nm":"Transform"}],"nm":"Group 2","np":2,"cix":2,"bm":0,"ix":2,"mn":"ADBE Vector Group","hd":false},{"ty":"gr","it":[{"ind":0,"ty":"sh","ix":1,"ks":{"a":0,"k":{"i":[[0,-102.961],[102.952,0],[0,102.937],[-102.945,0]],"o":[[0,102.937],[-102.945,0],[0,-102.961],[102.952,0]],"v":[[186.406,60.04],[-0.004,246.436],[-186.406,60.04],[-0.004,-246.436]],"c":true},"ix":2},"nm":"Path 1","mn":"ADBE Vector Shape - Group","hd":false},{"ty":"fl","c":{"a":0,"k":[0.910000011968,0.419999994016,0.423999980852,1],"ix":4},"o":{"a":0,"k":100,"ix":5},"r":1,"bm":0,"nm":"Fill 1","mn":"ADBE Vector Graphic - Fill","hd":false},{"ty":"tr","p":{"a":0,"k":[503.307,499.756],"ix":2},"a":{"a":0,"k":[0,0],"ix":1},"s":{"a":0,"k":[100,100],"ix":3},"r":{"a":0,"k":0,"ix":6},"o":{"a":0,"k":100,"ix":7},"sk":{"a":0,"k":0,"ix":4},"sa":{"a":0,"k":0,"ix":5},"nm":"Transform"}],"nm":"Group 3","np":2,"cix":2,"bm":0,"ix":3,"mn":"ADBE Vector Group","hd":false}],"ip":0,"op":600,"st":0,"bm":0},{"ddd":0,"ind":6,"ty":4,"nm":"Layer 5 Outlines","parent":7,"sr":1,"ks":{"o":{"a":0,"k":100,"ix":11},"r":{"a":0,"k":0,"ix":10},"p":{"a":0,"k":[728.052,514.229,0],"ix":2,"l":2},"a":{"a":0,"k":[728.052,514.229,0],"ix":1,"l":2},"s":{"a":1,"k":[{"i":{"x":[0.314,0.314,0.667],"y":[1,1,1]},"o":{"x":[0.637,0.637,0.333],"y":[0,0,0]},"t":50,"s":[0,0,100]},{"i":{"x":[0.345,0.345,0.667],"y":[1,1,1]},"o":{"x":[0.676,0.676,0.333],"y":[0,0,0]},"t":100,"s":[103,103,100]},{"t":120,"s":[100,100,100]}],"ix":6,"l":2}},"ao":0,"shapes":[{"ty":"gr","it":[{"ind":0,"ty":"sh","ix":1,"ks":{"a":0,"k":{"i":[[0,0],[0,0],[0,0],[0,0],[0,0],[0,0],[0,0],[0,0],[0,0],[0,0],[0,0],[0,0]],"o":[[0,0],[0,0],[0,0],[0,0],[0,0],[0,0],[0,0],[0,0],[0,0],[0,0],[0,0],[0,0]],"v":[[31.927,-15.154],[5.156,-21.134],[10.244,-43.966],[1.842,-45.841],[-3.256,-23.019],[-30.043,-28.99],[-31.927,-20.593],[-5.123,-14.615],[-18.209,43.955],[-9.799,45.84],[3.273,-12.739],[30.06,-6.75]],"c":true},"ix":2},"nm":"Path 1","mn":"ADBE Vector Shape - Group","hd":false},{"ty":"fl","c":{"a":0,"k":[1,1,1,1],"ix":4},"o":{"a":0,"k":100,"ix":5},"r":1,"bm":0,"nm":"Fill 1","mn":"ADBE Vector Graphic - Fill","hd":false},{"ty":"tr","p":{"a":0,"k":[728.052,514.229],"ix":2},"a":{"a":0,"k":[0,0],"ix":1},"s":{"a":0,"k":[100,100],"ix":3},"r":{"a":0,"k":0,"ix":6},"o":{"a":0,"k":100,"ix":7},"sk":{"a":0,"k":0,"ix":4},"sa":{"a":0,"k":0,"ix":5},"nm":"Transform"}],"nm":"Group 1","np":2,"cix":2,"bm":0,"ix":1,"mn":"ADBE Vector Group","hd":false}],"ip":20,"op":620,"st":20,"bm":0},{"ddd":0,"ind":7,"ty":4,"nm":"Layer 6 Outlines","parent":8,"sr":1,"ks":{"o":{"a":0,"k":100,"ix":11},"r":{"a":0,"k":0,"ix":10},"p":{"a":0,"k":[723.007,513.99,0],"ix":2,"l":2},"a":{"a":0,"k":[723.007,513.99,0],"ix":1,"l":2},"s":{"a":1,"k":[{"i":{"x":[0.314,0.314,0.667],"y":[1,1,1]},"o":{"x":[0.637,0.637,0.333],"y":[0,0,0]},"t":40,"s":[0,0,100]},{"i":{"x":[0.345,0.345,0.667],"y":[1,1,1]},"o":{"x":[0.676,0.676,0.333],"y":[0,0,0]},"t":90,"s":[103,103,100]},{"t":110,"s":[100,100,100]}],"ix":6,"l":2}},"ao":0,"shapes":[{"ty":"gr","it":[{"ind":0,"ty":"sh","ix":1,"ks":{"a":0,"k":{"i":[[7.059,-31.611],[25.833,5.769],[-7.052,31.627],[-25.825,-5.767]],"o":[[-7.052,31.617],[-25.835,-5.761],[7.066,-31.61],[25.835,5.769]],"v":[[46.779,10.442],[-12.791,57.241],[-46.786,-10.453],[12.768,-57.243]],"c":true},"ix":2},"nm":"Path 1","mn":"ADBE Vector Shape - Group","hd":false},{"ty":"fl","c":{"a":0,"k":[0.764999988032,0.847000002394,0.866999966491,1],"ix":4},"o":{"a":0,"k":100,"ix":5},"r":1,"bm":0,"nm":"Fill 1","mn":"ADBE Vector Graphic - Fill","hd":false},{"ty":"tr","p":{"a":0,"k":[723.01,513.991],"ix":2},"a":{"a":0,"k":[0,0],"ix":1},"s":{"a":0,"k":[100,100],"ix":3},"r":{"a":0,"k":0,"ix":6},"o":{"a":0,"k":100,"ix":7},"sk":{"a":0,"k":0,"ix":4},"sa":{"a":0,"k":0,"ix":5},"nm":"Transform"}],"nm":"Group 1","np":2,"cix":2,"bm":0,"ix":1,"mn":"ADBE Vector Group","hd":false}],"ip":20,"op":620,"st":20,"bm":0},{"ddd":0,"ind":8,"ty":4,"nm":"Layer 7 Outlines","parent":2,"sr":1,"ks":{"o":{"a":0,"k":100,"ix":11},"r":{"a":1,"k":[{"i":{"x":[0.34],"y":[1]},"o":{"x":[0.615],"y":[0]},"t":30,"s":[-30]},{"t":80,"s":[0]}],"ix":10},"p":{"a":1,"k":[{"i":{"x":0.34,"y":1},"o":{"x":0.615,"y":0},"t":70,"s":[267.56,63.289,0],"to":[0,26.667,0],"ti":[0,-26.667,0]},{"t":120,"s":[267.56,223.289,0]}],"ix":2,"l":2},"a":{"a":0,"k":[717.56,673.289,0],"ix":1,"l":2},"s":{"a":1,"k":[{"i":{"x":[0.314,0.314,0.667],"y":[1,1,1]},"o":{"x":[0.637,0.637,0.333],"y":[0,0,0]},"t":30,"s":[0,0,100]},{"i":{"x":[0.345,0.345,0.667],"y":[1,1,1]},"o":{"x":[0.676,0.676,0.333],"y":[0,0,0]},"t":80,"s":[103,103,100]},{"t":100,"s":[100,100,100]}],"ix":6,"l":2}},"ao":0,"shapes":[{"ty":"gr","it":[{"ind":0,"ty":"sh","ix":1,"ks":{"a":0,"k":{"i":[[4.284,4.98],[-4.759,-4.548],[0,0],[0,0],[-8.621,1.922],[-8.645,1.86],[0,0],[0,0],[-10.108,-8.263],[0,0],[-6.934,1.47],[-6.958,1.382],[0,0],[0,0],[0,0],[0,0],[0,0],[-8.606,2.031],[-8.645,1.93],[8.425,-2.666],[8.425,-2.619],[0,0],[0,0],[0,0],[0,0],[0,0],[6.925,-1.533],[6.95,-1.431],[0,0],[0,0],[9.927,8.482],[0,0],[8.708,-1.58],[8.708,-1.533],[0,0],[0,0],[0,0]],"o":[[4.814,4.472],[0,0],[0,0],[8.606,-2.017],[8.616,-1.979],[0,0],[0,0],[10.186,8.184],[0,0],[6.91,-1.541],[6.949,-1.454],[0,0],[0,0],[0,0],[0,0],[0,0],[8.575,-2.133],[8.589,-2.087],[-8.38,2.822],[-8.404,2.704],[0,0],[0,0],[0,0],[0,0],[0,0],[-6.925,1.643],[-6.935,1.491],[0,0],[0,0],[-10.013,-8.371],[0,0],[-8.683,1.687],[-8.685,1.641],[0,0],[0,0],[0,0],[-4.355,-4.917]],"v":[[-117.027,-34.39],[-102.661,-20.836],[-88.479,-7.109],[-89.966,-7.57],[-64.125,-13.541],[-38.235,-19.295],[-37.032,-19.569],[-36,-18.732],[-5.624,6.047],[-8.117,5.438],[12.699,1.012],[33.554,-3.333],[35.084,-3.631],[36.109,-2.575],[51.844,14.027],[67.461,30.739],[65.492,30.23],[91.209,23.869],[117.027,17.874],[91.827,26.152],[66.572,34.053],[65.485,34.39],[64.624,33.53],[48.327,17.474],[32.146,1.31],[34.71,2.051],[13.934,6.688],[-6.891,11.19],[-8.304,11.487],[-9.384,10.581],[-39.408,-14.613],[-37.157,-14.041],[-63.217,-9.118],[-89.309,-4.411],[-90.231,-4.24],[-90.795,-4.881],[-104.012,-19.545]],"c":true},"ix":2},"nm":"Path 1","mn":"ADBE Vector Shape - Group","hd":false},{"ty":"fl","c":{"a":0,"k":[0.764999988032,0.847000002394,0.866999966491,1],"ix":4},"o":{"a":0,"k":100,"ix":5},"r":1,"bm":0,"nm":"Fill 1","mn":"ADBE Vector Graphic - Fill","hd":false},{"ty":"tr","p":{"a":0,"k":[708.682,591.449],"ix":2},"a":{"a":0,"k":[0,0],"ix":1},"s":{"a":0,"k":[100,100],"ix":3},"r":{"a":0,"k":0,"ix":6},"o":{"a":0,"k":100,"ix":7},"sk":{"a":0,"k":0,"ix":4},"sa":{"a":0,"k":0,"ix":5},"nm":"Transform"}],"nm":"Group 1","np":2,"cix":2,"bm":0,"ix":1,"mn":"ADBE Vector Group","hd":false},{"ty":"gr","it":[{"ind":0,"ty":"sh","ix":1,"ks":{"a":0,"k":{"i":[[3.479,4.135],[-3.933,-3.681],[-3.847,-3.767],[0,0],[-7.025,1.593],[-7.049,1.57],[0,0],[0,0],[-8.294,-6.752],[0,0],[-5.69,1.204],[-5.691,1.118],[0,0],[0,0],[0,0],[0,0],[0,0],[-7.043,1.602],[-7.09,1.47],[6.885,-2.221],[6.871,-2.205],[0,0],[0,0],[0,0],[0,0],[0,0],[5.683,-1.267],[5.683,-1.157],[0,0],[0,0],[8.115,6.98],[0,0],[7.136,-1.25],[7.152,-1.196],[0,0],[0,0],[3.564,4.011]],"o":[[4.02,3.611],[3.9,3.706],[0,0],[7.034,-1.728],[7.059,-1.658],[0,0],[0,0],[8.364,6.645],[0,0],[5.66,-1.267],[5.676,-1.165],[0,0],[0,0],[0,0],[0,0],[0,0],[7.004,-1.687],[7.036,-1.68],[-6.832,2.385],[-6.857,2.289],[0,0],[0,0],[0,0],[0,0],[0,0],[-5.675,1.328],[-5.681,1.226],[0,0],[0,0],[-8.201,-6.869],[0,0],[-7.096,1.359],[-7.097,1.322],[0,0],[0,0],[-3.619,-3.995],[-3.541,-4.073]],"v":[[-95.802,-28.363],[-83.911,-17.388],[-72.21,-6.226],[-73.679,-6.678],[-52.568,-11.704],[-31.4,-16.504],[-30.189,-16.754],[-29.141,-15.934],[-4.237,4.31],[-6.746,3.71],[10.317,0.082],[27.358,-3.442],[28.929,-3.731],[29.938,-2.653],[42.78,10.954],[55.499,24.698],[53.543,24.165],[74.625,19.124],[95.801,14.433],[75.244,21.391],[54.615,28.011],[53.521,28.363],[52.645,27.48],[39.239,14.394],[25.967,1.193],[28.538,1.982],[11.521,5.758],[-5.496,9.462],[-6.927,9.743],[-7.996,8.86],[-32.573,-11.806],[-30.322,-11.236],[-51.661,-7.289],[-73.047,-3.561],[-73.962,-3.397],[-74.516,-4.005],[-85.241,-16.082]],"c":true},"ix":2},"nm":"Path 1","mn":"ADBE Vector Shape - Group","hd":false},{"ty":"fl","c":{"a":0,"k":[0.764999988032,0.847000002394,0.866999966491,1],"ix":4},"o":{"a":0,"k":100,"ix":5},"r":1,"bm":0,"nm":"Fill 1","mn":"ADBE Vector Graphic - Fill","hd":false},{"ty":"tr","p":{"a":0,"k":[744.072,431.598],"ix":2},"a":{"a":0,"k":[0,0],"ix":1},"s":{"a":0,"k":[100,100],"ix":3},"r":{"a":0,"k":0,"ix":6},"o":{"a":0,"k":100,"ix":7},"sk":{"a":0,"k":0,"ix":4},"sa":{"a":0,"k":0,"ix":5},"nm":"Transform"}],"nm":"Group 2","np":2,"cix":2,"bm":0,"ix":2,"mn":"ADBE Vector Group","hd":false},{"ty":"gr","it":[{"ind":0,"ty":"sh","ix":1,"ks":{"a":0,"k":{"i":[[15.899,-71.169],[71.154,15.891],[-15.884,71.154],[-71.154,-15.892]],"o":[[-15.892,71.147],[-71.14,-15.891],[15.884,-71.155],[71.147,15.89]],"v":[[128.831,70.263],[-28.784,170.332],[-128.846,12.726],[47.294,-170.332]],"c":true},"ix":2},"nm":"Path 1","mn":"ADBE Vector Shape - Group","hd":false},{"ty":"fl","c":{"a":0,"k":[0.616000007181,0.698000021542,0.855000035903,1],"ix":4},"o":{"a":0,"k":100,"ix":5},"r":1,"bm":0,"nm":"Fill 1","mn":"ADBE Vector Graphic - Fill","hd":false},{"ty":"tr","p":{"a":0,"k":[716.929,499.755],"ix":2},"a":{"a":0,"k":[0,0],"ix":1},"s":{"a":0,"k":[100,100],"ix":3},"r":{"a":0,"k":0,"ix":6},"o":{"a":0,"k":100,"ix":7},"sk":{"a":0,"k":0,"ix":4},"sa":{"a":0,"k":0,"ix":5},"nm":"Transform"}],"nm":"Group 3","np":2,"cix":2,"bm":0,"ix":3,"mn":"ADBE Vector Group","hd":false}],"ip":20,"op":620,"st":20,"bm":0},{"ddd":0,"ind":9,"ty":4,"nm":"Layer 8 Outlines","parent":10,"sr":1,"ks":{"o":{"a":0,"k":100,"ix":11},"r":{"a":0,"k":0,"ix":10},"p":{"a":0,"k":[273.682,514.189,0],"ix":2,"l":2},"a":{"a":0,"k":[273.682,514.189,0],"ix":1,"l":2},"s":{"a":1,"k":[{"i":{"x":[0.314,0.314,0.667],"y":[1,1,1]},"o":{"x":[0.637,0.637,0.333],"y":[0,0,0]},"t":40,"s":[0,0,100]},{"i":{"x":[0.345,0.345,0.667],"y":[1,1,1]},"o":{"x":[0.676,0.676,0.333],"y":[0,0,0]},"t":90,"s":[103,103,100]},{"t":110,"s":[100,100,100]}],"ix":6,"l":2}},"ao":0,"shapes":[{"ty":"gr","it":[{"ind":0,"ty":"sh","ix":1,"ks":{"a":0,"k":{"i":[[0,0],[0,0],[0,0],[0,0],[0,0],[0,0],[0,0],[0,0],[0,0],[0,0],[0,0],[0,0]],"o":[[0,0],[0,0],[0,0],[0,0],[0,0],[0,0],[0,0],[0,0],[0,0],[0,0],[0,0],[0,0]],"v":[[29.639,-29.91],[3.086,-22.969],[-2.846,-45.598],[-11.172,-43.41],[-5.261,-20.78],[-31.807,-13.824],[-29.627,-5.507],[-3.066,-12.455],[12.131,45.598],[20.463,43.411],[5.268,-14.644],[31.806,-21.585]],"c":true},"ix":2},"nm":"Path 1","mn":"ADBE Vector Shape - Group","hd":false},{"ty":"fl","c":{"a":0,"k":[1,1,1,1],"ix":4},"o":{"a":0,"k":100,"ix":5},"r":1,"bm":0,"nm":"Fill 1","mn":"ADBE Vector Graphic - Fill","hd":false},{"ty":"tr","p":{"a":0,"k":[273.682,514.189],"ix":2},"a":{"a":0,"k":[0,0],"ix":1},"s":{"a":0,"k":[100,100],"ix":3},"r":{"a":0,"k":0,"ix":6},"o":{"a":0,"k":100,"ix":7},"sk":{"a":0,"k":0,"ix":4},"sa":{"a":0,"k":0,"ix":5},"nm":"Transform"}],"nm":"Group 1","np":2,"cix":2,"bm":0,"ix":1,"mn":"ADBE Vector Group","hd":false}],"ip":10,"op":610,"st":10,"bm":0},{"ddd":0,"ind":10,"ty":4,"nm":"Layer 9 Outlines","parent":11,"sr":1,"ks":{"o":{"a":0,"k":100,"ix":11},"r":{"a":0,"k":0,"ix":10},"p":{"a":0,"k":[277.272,514.464,0],"ix":2,"l":2},"a":{"a":0,"k":[277.272,514.464,0],"ix":1,"l":2},"s":{"a":1,"k":[{"i":{"x":[0.314,0.314,0.667],"y":[1,1,1]},"o":{"x":[0.637,0.637,0.333],"y":[0,0,0]},"t":30,"s":[0,0,100]},{"i":{"x":[0.345,0.345,0.667],"y":[1,1,1]},"o":{"x":[0.676,0.676,0.333],"y":[0,0,0]},"t":80,"s":[103,103,100]},{"t":100,"s":[100,100,100]}],"ix":6,"l":2}},"ao":0,"shapes":[{"ty":"gr","it":[{"ind":0,"ty":"sh","ix":1,"ks":{"a":0,"k":{"i":[[-8.2,-31.321],[25.615,-6.692],[8.2,31.344],[-25.6,6.723]],"o":[[8.216,31.329],[-25.599,6.699],[-8.201,-31.337],[25.616,-6.691]],"v":[[46.361,-12.14],[14.836,56.742],[-46.376,12.139],[-14.867,-56.75]],"c":true},"ix":2},"nm":"Path 1","mn":"ADBE Vector Shape - Group","hd":false},{"ty":"fl","c":{"a":0,"k":[0.984000052658,0.752999997606,0.4,1],"ix":4},"o":{"a":0,"k":100,"ix":5},"r":1,"bm":0,"nm":"Fill 1","mn":"ADBE Vector Graphic - Fill","hd":false},{"ty":"tr","p":{"a":0,"k":[277.277,514.467],"ix":2},"a":{"a":0,"k":[0,0],"ix":1},"s":{"a":0,"k":[100,100],"ix":3},"r":{"a":0,"k":0,"ix":6},"o":{"a":0,"k":100,"ix":7},"sk":{"a":0,"k":0,"ix":4},"sa":{"a":0,"k":0,"ix":5},"nm":"Transform"}],"nm":"Group 1","np":2,"cix":2,"bm":0,"ix":1,"mn":"ADBE Vector Group","hd":false}],"ip":10,"op":610,"st":10,"bm":0},{"ddd":0,"ind":11,"ty":4,"nm":"Layer 10 Outlines","parent":2,"sr":1,"ks":{"o":{"a":0,"k":100,"ix":11},"r":{"a":1,"k":[{"i":{"x":[0.34],"y":[1]},"o":{"x":[0.615],"y":[0]},"t":20,"s":[30]},{"t":70,"s":[0]}],"ix":10},"p":{"a":1,"k":[{"i":{"x":0.34,"y":1},"o":{"x":0.615,"y":0},"t":60,"s":[-166.691,63.533,0],"to":[0,26.667,0],"ti":[0,-26.667,0]},{"t":110,"s":[-166.691,223.533,0]}],"ix":2,"l":2},"a":{"a":0,"k":[283.309,673.533,0],"ix":1,"l":2},"s":{"a":1,"k":[{"i":{"x":[0.314,0.314,0.667],"y":[1,1,1]},"o":{"x":[0.637,0.637,0.333],"y":[0,0,0]},"t":20,"s":[0,0,100]},{"i":{"x":[0.345,0.345,0.667],"y":[1,1,1]},"o":{"x":[0.676,0.676,0.333],"y":[0,0,0]},"t":70,"s":[103,103,100]},{"t":90,"s":[100,100,100]}],"ix":6,"l":2}},"ao":0,"shapes":[{"ty":"gr","it":[{"ind":0,"ty":"sh","ix":1,"ks":{"a":0,"k":{"i":[[6.096,2.454],[-6.317,-1.869],[0,0],[0,0],[-6.802,5.651],[-6.824,5.61],[0,0],[0,0],[-12.773,-2.695],[0,0],[-5.478,4.486],[-5.565,4.408],[0,0],[0,0],[0,0],[0,0],[0,0],[-6.715,5.745],[-6.802,5.667],[6.277,-6.223],[6.285,-6.198],[0,0],[0,0],[0,0],[0,0],[0,0],[5.45,-4.516],[5.519,-4.454],[0,0],[0,0],[12.71,2.986],[0,0],[7.034,-5.386],[7.06,-5.353],[0,0],[0,0],[0,0]],"o":[[6.348,1.773],[0,0],[0,0],[6.721,-5.729],[6.736,-5.698],[0,0],[0,0],[12.804,2.596],[0,0],[5.449,-4.541],[5.527,-4.472],[0,0],[0,0],[0,0],[0,0],[0,0],[6.637,-5.815],[6.674,-5.791],[-6.152,6.363],[-6.237,6.252],[0,0],[0,0],[0,0],[0,0],[0,0],[-5.402,4.627],[-5.471,4.518],[0,0],[0,0],[-12.732,-2.854],[0,0],[-6.95,5.472],[-6.958,5.432],[0,0],[0,0],[0,0],[-6.134,-2.376]],"v":[[-116.007,23.11],[-97.012,28.583],[-78.129,34.28],[-79.659,34.552],[-59.406,17.411],[-39.053,0.443],[-38.099,-0.365],[-36.793,-0.083],[1.555,8.023],[-0.946,8.633],[15.531,-4.841],[32.095,-18.247],[33.299,-19.21],[34.714,-18.747],[56.295,-11.198],[77.837,-3.474],[75.852,-3.037],[95.801,-20.475],[116.007,-37.633],[97.395,-18.732],[78.565,-0.128],[77.768,0.669],[76.587,0.301],[54.741,-6.522],[32.971,-13.471],[35.59,-13.995],[19.228,-0.365],[2.799,13.174],[1.681,14.096],[0.288,13.776],[-37.935,5.14],[-35.675,4.608],[-56.6,20.922],[-77.629,37.062],[-78.361,37.634],[-79.153,37.321],[-97.623,30.333]],"c":true},"ix":2},"nm":"Path 1","mn":"ADBE Vector Shape - Group","hd":false},{"ty":"fl","c":{"a":0,"k":[0.984000052658,0.752999997606,0.4,1],"ix":4},"o":{"a":0,"k":100,"ix":5},"r":1,"bm":0,"nm":"Fill 1","mn":"ADBE Vector Graphic - Fill","hd":false},{"ty":"tr","p":{"a":0,"k":[296.225,589.807],"ix":2},"a":{"a":0,"k":[0,0],"ix":1},"s":{"a":0,"k":[100,100],"ix":3},"r":{"a":0,"k":0,"ix":6},"o":{"a":0,"k":100,"ix":7},"sk":{"a":0,"k":0,"ix":4},"sa":{"a":0,"k":0,"ix":5},"nm":"Transform"}],"nm":"Group 1","np":2,"cix":2,"bm":0,"ix":1,"mn":"ADBE Vector Group","hd":false},{"ty":"gr","it":[{"ind":0,"ty":"sh","ix":1,"ks":{"a":0,"k":{"i":[[4.98,2.079],[-5.198,-1.478],[-5.15,-1.578],[0,0],[-5.51,4.643],[-5.572,4.628],[0,0],[0,0],[-10.458,-2.205],[0,0],[-4.502,3.681],[-4.55,3.604],[0,0],[0,0],[0,0],[0,0],[0,0],[-5.527,4.65],[-5.636,4.543],[5.104,-5.136],[5.104,-5.112],[0,0],[0,0],[0,0],[0,0],[0,0],[4.463,-3.722],[4.533,-3.634],[0,0],[0,0],[10.419,2.486],[0,0],[5.778,-4.37],[5.791,-4.354],[0,0],[0,0],[5.01,1.939]],"o":[[5.206,1.368],[5.167,1.508],[0,0],[5.455,-4.745],[5.519,-4.706],[0,0],[0,0],[10.473,2.065],[0,0],[4.465,-3.735],[4.51,-3.643],[0,0],[0,0],[0,0],[0,0],[0,0],[5.456,-4.72],[5.487,-4.713],[-4.978,5.252],[-5.049,5.183],[0,0],[0,0],[0,0],[0,0],[0,0],[-4.431,3.783],[-4.495,3.682],[0,0],[0,0],[-10.426,-2.354],[0,0],[-5.682,4.456],[-5.721,4.439],[0,0],[0,0],[-5.058,-1.884],[-5.019,-2]],"v":[[-94.96,18.761],[-79.367,23.068],[-63.866,27.624],[-65.382,27.891],[-48.913,13.766],[-32.279,-0.196],[-31.325,-0.969],[-30.012,-0.711],[1.388,5.863],[-1.123,6.495],[12.394,-4.557],[25.932,-15.508],[27.182,-16.477],[28.573,-15.984],[46.231,-9.763],[63.827,-3.369],[61.85,-2.939],[78.272,-17.086],[94.96,-30.946],[79.874,-15.352],[64.562,-0.007],[63.749,0.789],[62.576,0.415],[44.644,-5.072],[26.815,-10.732],[29.456,-11.224],[16.067,-0.054],[2.631,11.014],[1.497,11.936],[0.121,11.64],[-31.184,4.511],[-28.91,3.987],[-46.076,17.26],[-63.373,30.391],[-64.116,30.946],[-64.882,30.658],[-79.952,24.833]],"c":true},"ix":2},"nm":"Path 1","mn":"ADBE Vector Shape - Group","hd":false},{"ty":"fl","c":{"a":0,"k":[0.984000052658,0.752999997606,0.4,1],"ix":4},"o":{"a":0,"k":100,"ix":5},"r":1,"bm":0,"nm":"Fill 1","mn":"ADBE Vector Graphic - Fill","hd":false},{"ty":"tr","p":{"a":0,"k":[255.082,431.485],"ix":2},"a":{"a":0,"k":[0,0],"ix":1},"s":{"a":0,"k":[100,100],"ix":3},"r":{"a":0,"k":0,"ix":6},"o":{"a":0,"k":100,"ix":7},"sk":{"a":0,"k":0,"ix":4},"sa":{"a":0,"k":0,"ix":5},"nm":"Transform"}],"nm":"Group 2","np":2,"cix":2,"bm":0,"ix":2,"mn":"ADBE Vector Group","hd":false},{"ty":"gr","it":[{"ind":0,"ty":"sh","ix":1,"ks":{"a":0,"k":{"i":[[-18.456,-70.539],[70.521,-18.464],[18.464,70.522],[-70.507,18.464]],"o":[[18.47,70.528],[-70.513,18.464],[-18.47,-70.537],[70.53,-18.462]],"v":[[127.705,7.695],[33.435,168.835],[-127.705,74.558],[-54.97,-168.837]],"c":true},"ix":2},"nm":"Path 1","mn":"ADBE Vector Shape - Group","hd":false},{"ty":"fl","c":{"a":0,"k":[0.972999961703,0.689999988032,0.172999991623,1],"ix":4},"o":{"a":0,"k":100,"ix":5},"r":1,"bm":0,"nm":"Fill 1","mn":"ADBE Vector Graphic - Fill","hd":false},{"ty":"tr","p":{"a":0,"k":[284.34,500.363],"ix":2},"a":{"a":0,"k":[0,0],"ix":1},"s":{"a":0,"k":[100,100],"ix":3},"r":{"a":0,"k":0,"ix":6},"o":{"a":0,"k":100,"ix":7},"sk":{"a":0,"k":0,"ix":4},"sa":{"a":0,"k":0,"ix":5},"nm":"Transform"}],"nm":"Group 3","np":2,"cix":2,"bm":0,"ix":3,"mn":"ADBE Vector Group","hd":false}],"ip":10,"op":610,"st":10,"bm":0}],"markers":[]}